Source,Target,Weight
Cloudy_0,Sprinkler_1,54.82158881980537
Cloudy_1,Rain_1,92.60959390993409
Cloudy_1,Wet_Grass_1,10.636268384000315
Sprinkler_0,Cloudy_1,54.82158881980537
Sprinkler_0,Rain_1,22.833715739709238
Sprinkler_1,Wet_Grass_1,24.53340465164335
Rain_0,Sprinkler_1,22.833715739709238
Rain_1,Cloudy_1,92.60959390993409
Rain_1,Wet_Grass_1,67.01662541674791
Wet_Grass_1,Cloudy_1,10.636268384000315
Wet_Grass_1,Sprinkler_1,24.53340465164335
Wet_Grass_1,Rain_1,67.01662541674791
